{
  "overall": {
    "gpt-4.1": {
      "accuracy": 0.9416666666666667,
      "n": 120
    },
    "gpt-4o-mini": {
      "accuracy": 0.825,
      "n": 120
    }
  },
  "by_type": {
    "content": {
      "gpt-4.1": {
        "accuracy": 0.8888888888888888,
        "n": "18"
      },
      "gpt-4o-mini": {
        "accuracy": 0.7777777777777778,
        "n": "18"
      }
    },
    "format": {
      "gpt-4.1": {
        "accuracy": 1.0,
        "n": "18"
      },
      "gpt-4o-mini": {
        "accuracy": 0.8888888888888888,
        "n": "18"
      }
    },
    "keyword": {
      "gpt-4.1": {
        "accuracy": 1.0,
        "n": "18"
      },
      "gpt-4o-mini": {
        "accuracy": 1.0,
        "n": "18"
      }
    },
    "length": {
      "gpt-4.1": {
        "accuracy": 0.9166666666666666,
        "n": "12"
      },
      "gpt-4o-mini": {
        "accuracy": 0.5,
        "n": "12"
      }
    },
    "multi_and": {
      "gpt-4.1": {
        "accuracy": 0.9166666666666666,
        "n": "12"
      },
      "gpt-4o-mini": {
        "accuracy": 0.8333333333333334,
        "n": "12"
      }
    },
    "multi_or": {
      "gpt-4.1": {
        "accuracy": 1.0,
        "n": "12"
      },
      "gpt-4o-mini": {
        "accuracy": 0.9166666666666666,
        "n": "12"
      }
    },
    "negation": {
      "gpt-4.1": {
        "accuracy": 1.0,
        "n": "18"
      },
      "gpt-4o-mini": {
        "accuracy": 0.9444444444444444,
        "n": "18"
      }
    },
    "nested": {
      "gpt-4.1": {
        "accuracy": 0.75,
        "n": "12"
      },
      "gpt-4o-mini": {
        "accuracy": 0.5833333333333334,
        "n": "12"
      }
    }
  },
  "errors": {
    "gpt-4.1": {
      "content": {
        "fpr": 0.2222222222222222,
        "fnr": 0.0,
        "tpr": 1.0,
        "tnr": 0.7777777777777778
      },
      "format": {
        "fpr": 0.0,
        "fnr": 0.0,
        "tpr": 1.0,
        "tnr": 1.0
      },
      "keyword": {
        "fpr": 0.0,
        "fnr": 0.0,
        "tpr": 1.0,
        "tnr": 1.0
      },
      "length": {
        "fpr": 0.0,
        "fnr": 0.16666666666666663,
        "tpr": 0.8333333333333334,
        "tnr": 1.0
      },
      "multi_and": {
        "fpr": 0.16666666666666663,
        "fnr": 0.0,
        "tpr": 1.0,
        "tnr": 0.8333333333333334
      },
      "multi_or": {
        "fpr": 0.0,
        "fnr": 0.0,
        "tpr": 1.0,
        "tnr": 1.0
      },
      "negation": {
        "fpr": 0.0,
        "fnr": 0.0,
        "tpr": 1.0,
        "tnr": 1.0
      },
      "nested": {
        "fpr": 0.33333333333333337,
        "fnr": 0.16666666666666663,
        "tpr": 0.8333333333333334,
        "tnr": 0.6666666666666666
      }
    },
    "gpt-4o-mini": {
      "content": {
        "fpr": 0.2222222222222222,
        "fnr": 0.2222222222222222,
        "tpr": 0.7777777777777778,
        "tnr": 0.7777777777777778
      },
      "format": {
        "fpr": 0.11111111111111116,
        "fnr": 0.11111111111111116,
        "tpr": 0.8888888888888888,
        "tnr": 0.8888888888888888
      },
      "keyword": {
        "fpr": 0.0,
        "fnr": 0.0,
        "tpr": 1.0,
        "tnr": 1.0
      },
      "length": {
        "fpr": 0.0,
        "fnr": 1.0,
        "tpr": 0.0,
        "tnr": 1.0
      },
      "multi_and": {
        "fpr": 0.16666666666666663,
        "fnr": 0.16666666666666663,
        "tpr": 0.8333333333333334,
        "tnr": 0.8333333333333334
      },
      "multi_or": {
        "fpr": 0.16666666666666663,
        "fnr": 0.0,
        "tpr": 1.0,
        "tnr": 0.8333333333333334
      },
      "negation": {
        "fpr": 0.0,
        "fnr": 0.11111111111111116,
        "tpr": 0.8888888888888888,
        "tnr": 1.0
      },
      "nested": {
        "fpr": 0.5,
        "fnr": 0.33333333333333337,
        "tpr": 0.6666666666666666,
        "tnr": 0.5
      }
    }
  },
  "scaling": {
    "gpt-4.1": {
      "1": 1.0,
      "2": 0.9166666666666666,
      "4": 1.0
    },
    "gpt-4o-mini": {
      "1": 1.0,
      "2": 1.0,
      "4": 1.0
    }
  }
}